{
  "type": "graveyard:crypt",
  "start_pool": "graveyard:crypt/start_pool",
  "size": 6,
  "max_distance_from_center": 80,
  "biomes": "#graveyard:has_structure/crypt",
  "step": "underground_structures",
  "use_expansion_hack": false,
  "terrain_check_size": 1,
  "max_height_difference": 1,
  "structure_name": "crypt",
  "start_height": {
    "absolute": -10
  },
  "spawn_overrides": {
    "monster": {
      "bounding_box": "piece",
      "spawns": [
        {
          "type": "graveyard:acolyte",
          "weight": 25,
          "minCount": 1,
          "maxCount": 1
        },
        {
          "type": "graveyard:corrupted_vindicator",
          "weight": 35,
          "minCount": 1,
          "maxCount": 3
        },
        {
          "type": "graveyard:corrupted_pillager",
          "weight": 35,
          "minCount": 1,
          "maxCount": 3
        }
      ]
    }
  }
}