{
  "type": "graveyard:giant_mushroom",
  "start_pool": "graveyard:giant_mushroom/start_pool",
  "size": 2,
  "max_distance_from_center": 80,
  "biomes": "#graveyard:has_structure/giant_mushroom",
  "step": "surface_structures",
  "use_expansion_hack": true,
  "terrain_check_size": 10,
  "max_height_difference": 3,
  "terrain_adaptation": "beard_thin",
  "structure_name": "giant_mushroom",
  "start_height": {
    "absolute": 1
  },
  "project_start_to_heightmap": "WORLD_SURFACE_WG",
  "spawn_overrides": {

  }
}