{
  "type": "graveyard:medium_graveyard",
  "start_pool": "graveyard:medium_graveyard/start_pool",
  "size": 1,
  "max_distance_from_center": 80,
  "biomes": "#graveyard:has_structure/medium_graveyard",
  "step": "surface_structures",
  "use_expansion_hack": true,
  "terrain_check_size": 30,
  "max_height_difference": 3,
  "terrain_adaptation": "beard_box",
  "structure_name": "medium_graveyard",
  "start_height": {
    "absolute": 0
  },
  "project_start_to_heightmap": "WORLD_SURFACE_WG",
  "spawn_overrides": {
    "monster": {
      "bounding_box": "piece",
      "spawns": [
        {
          "type": "graveyard:skeleton_creeper",
          "weight": 35,
          "minCount": 1,
          "maxCount": 1
        },
        {
          "type": "graveyard:revenant",
          "weight": 45,
          "minCount": 1,
          "maxCount": 3
        },
        {
          "type": "graveyard:ghoul",
          "weight": 50,
          "minCount": 2,
          "maxCount": 4
        }
      ]
    }
  }
}