{
  "type": "graveyard:mushroom_grave",
  "start_pool": "graveyard:mushroom_grave/start_pool",
  "size": 1,
  "max_distance_from_center": 80,
  "biomes": "#graveyard:has_structure/mushroom_grave",
  "step": "surface_structures",
  "use_expansion_hack": true,
  "terrain_check_size": 7,
  "max_height_difference": 3,
  "terrain_adaptation": "beard_box",
  "structure_name": "mushroom_grave",
  "start_height": {
    "absolute": 0
  },
  "project_start_to_heightmap": "WORLD_SURFACE_WG",
  "spawn_overrides": {

  }
}