{
  "type": "graveyard:small_desert_graveyard",
  "start_pool": "graveyard:small_desert_graveyard/start_pool",
  "size": 1,
  "max_distance_from_center": 80,
  "biomes": "#graveyard:has_structure/small_desert_graveyard",
  "step": "surface_structures",
  "use_expansion_hack": true,
  "terrain_check_size": 20,
  "max_height_difference": 3,
  "terrain_adaptation": "beard_box",
  "structure_name": "small_desert_graveyard",
  "start_height": {
    "absolute": 0
  },
  "project_start_to_heightmap": "WORLD_SURFACE_WG",
  "spawn_overrides": {
    "monster": {
      "bounding_box": "piece",
      "spawns": [
        {
          "type": "minecraft:vindicator",
          "weight": 1,
          "minCount": 1,
          "maxCount": 1
        },
        {
          "type": "minecraft:pillager",
          "weight": 10,
          "minCount": 1,
          "maxCount": 1
        }
      ]
    }
  }
}