{
    "parent": "block/block",
    "textures": {
        "particle": "teraphobia:block/end_portal_frame_side",
        "bottom": "teraphobia:block/end_portal_frame_bottom",
        "top": "teraphobia:block/end_portal_frame_top",
        "side": "teraphobia:block/end_portal_frame_side"
    },
    "elements": [
      {
        "from": [
          0,
          0,
          0
        ],
        "to": [
          16,
          13,
          16
        ],
        "faces": {
          "down": {
            "uv": [
              0,
              0,
              16,
              16
            ],
            "texture": "#bottom",
            "cullface": "down"
          },
          "up": {
            "uv": [
              0,
              0,
              16,
              16
            ],
            "texture": "#top"
          },
          "north": {
            "uv": [
              0,
              3,
              16,
              16
            ],
            "texture": "#side",
            "cullface": "north"
          },
          "south": {
            "uv": [
              0,
              3,
              16,
              16
            ],
            "texture": "#side",
            "cullface": "south"
          },
          "west": {
            "uv": [
              0,
              3,
              16,
              16
            ],
            "texture": "#side",
            "cullface": "west"
          },
          "east": {
            "uv": [
              0,
              3,
              16,
              16
            ],
            "texture": "#side",
            "cullface": "east"
          }
        }
      }
    ]
  }